-- -- --delete existing data from ACCOUNTS_TABLE
TRUNCATE TABLE ACCOUNTS CASCADE;
DELETE FROM producer WHERE name = 'test_name';
TRUNCATE DIETARY_PROFILE CASCADE;
-- TRUNCATE TABLE DIETARY_PROFILE_TEMPLATES CASCADE;
-- TRUNCATE TABLE DIETARY_PROFILE CASCADE;
-- TRUNCATE TABLE PERSONAL_DATA;
-- TRUNCATE TABLE ACCOUNT_ACCESS_LEVELS;
-- TRUNCATE TABLE CLIENT_DATA;
-- TRUNCATE TABLE ADMIN_DATA;
-- TRUNCATE TABLE EMPLOYEE_DATA;
-- TRUNCATE TABLE EXPERT_DATA;
-- TRUNCATE TABLE ACCOUNT_AUTHENTICATION_TYPE;
-- TRUNCATE TABLE LOCAL_AUTHENTICATION;
-- TRUNCATE TABLE VERIFICATION_TOKENS;
INSERT INTO ACCOUNTS (ACTIVE, CREATION_TIME, VERSION, LOGIN, ID) VALUES (true, NOW(), 0, 'CLIENT1', '00000000-0000-0000-0000-000000000001');
INSERT INTO PERSONAL_DATA (ID, FIRST_NAME, LAST_NAME, EMAIL) VALUES ('00000000-0000-0000-0000-000000000001', 'firstName1', 'lastName1', 'a242415@edu.p.lodz.pl');
INSERT INTO ACCOUNT_ACCESS_LEVELS (ACCOUNT_ID, VERSION, LEVEL, ID) VALUES ('00000000-0000-0000-0000-000000000001', 0, 'CLIENT', '00000000-0000-0000-0001-000000000001');
INSERT INTO CLIENT_DATA (ID) VALUES ('00000000-0000-0000-0001-000000000001');
INSERT INTO ACCOUNT_AUTHENTICATION_TYPE (ID, VERSION, AUTHENTICATION_PROVIDER, ACCOUNT_ID) VALUES ('00000000-0000-0000-0002-000000000001', 0, 'LOCAL', '00000000-0000-0000-0000-000000000001');
INSERT INTO LOCAL_AUTHENTICATION (ID, PASSWORD) VALUES ('00000000-0000-0000-0002-000000000001', '$2a$10$a0V1Y7QYYjcsrXLTRyr2keXmQ53cd6vgjOkcY2vmg1gB1iETOwvNW');
--
INSERT INTO ACCOUNTS (ACTIVE, CREATION_TIME, VERSION, LOGIN, ID) VALUES (true, NOW(), 0, 'EXPERT1', '00000000-0000-0000-0000-000000000002');
INSERT INTO PERSONAL_DATA (ID, FIRST_NAME, LAST_NAME, EMAIL) VALUES ('00000000-0000-0000-0000-000000000002', 'firstName1', 'lastName1', 'b242415@edu.p.lodz.pl');
INSERT INTO ACCOUNT_ACCESS_LEVELS (ACCOUNT_ID, VERSION, LEVEL, ID) VALUES ('00000000-0000-0000-0000-000000000002', 0, 'EXPERT', '00000000-0000-0000-0001-000000000002');
INSERT INTO EXPERT_DATA (ID) VALUES ('00000000-0000-0000-0001-000000000002');
INSERT INTO ACCOUNT_AUTHENTICATION_TYPE (ID, VERSION, AUTHENTICATION_PROVIDER, ACCOUNT_ID) VALUES ('00000000-0000-0000-0002-000000000002', 0, 'LOCAL', '00000000-0000-0000-0000-000000000002');
INSERT INTO LOCAL_AUTHENTICATION (ID, PASSWORD) VALUES ('00000000-0000-0000-0002-000000000002', '$2a$10$a0V1Y7QYYjcsrXLTRyr2keXmQ53cd6vgjOkcY2vmg1gB1iETOwvNW');
--
INSERT INTO ACCOUNTS (ACTIVE, CREATION_TIME, VERSION, LOGIN, ID) VALUES (true, NOW(), 0, 'EXPERT2', '00000000-0000-0000-0000-000000000003');
INSERT INTO PERSONAL_DATA (ID, FIRST_NAME, LAST_NAME, EMAIL) VALUES ('00000000-0000-0000-0000-000000000003', 'firstName1', 'lastName1', 'c242415@edu.p.lodz.pl');
INSERT INTO ACCOUNT_ACCESS_LEVELS (ACCOUNT_ID, VERSION, LEVEL, ID) VALUES ('00000000-0000-0000-0000-000000000003', 0, 'EXPERT', '00000000-0000-0000-0001-000000000003');
INSERT INTO EXPERT_DATA (ID) VALUES ('00000000-0000-0000-0001-000000000003');
INSERT INTO ACCOUNT_AUTHENTICATION_TYPE (ID, VERSION, AUTHENTICATION_PROVIDER, ACCOUNT_ID) VALUES ('00000000-0000-0000-0002-000000000003', 0, 'LOCAL', '00000000-0000-0000-0000-000000000003');
INSERT INTO LOCAL_AUTHENTICATION (ID, PASSWORD) VALUES ('00000000-0000-0000-0002-000000000003', '$2a$10$a0V1Y7QYYjcsrXLTRyr2keXmQ53cd6vgjOkcY2vmg1gB1iETOwvNW');
--
INSERT INTO ACCOUNTS (ACTIVE, CREATION_TIME, VERSION, LOGIN, ID) VALUES (true, NOW(), 0, 'ADMIN1', '00000000-0000-0000-0000-000000000004');
INSERT INTO PERSONAL_DATA (ID, FIRST_NAME, LAST_NAME, EMAIL) VALUES ('00000000-0000-0000-0000-000000000004', 'firstName1', 'lastName1', 'd242415@edu.p.lodz.pl');
INSERT INTO ACCOUNT_ACCESS_LEVELS (ACCOUNT_ID, VERSION, LEVEL, ID) VALUES ('00000000-0000-0000-0000-000000000004', 0, 'ADMIN', '00000000-0000-0000-0001-000000000004');
INSERT INTO ADMIN_DATA (ID) VALUES ('00000000-0000-0000-0001-000000000004');
INSERT INTO ACCOUNT_AUTHENTICATION_TYPE (ID, VERSION, AUTHENTICATION_PROVIDER, ACCOUNT_ID) VALUES ('00000000-0000-0000-0002-000000000004', 0, 'LOCAL', '00000000-0000-0000-0000-000000000004');
INSERT INTO LOCAL_AUTHENTICATION (ID, PASSWORD) VALUES ('00000000-0000-0000-0002-000000000004', '$2a$10$a0V1Y7QYYjcsrXLTRyr2keXmQ53cd6vgjOkcY2vmg1gB1iETOwvNW');
--
INSERT INTO ACCOUNTS (ACTIVE, CREATION_TIME, VERSION, LOGIN, ID) VALUES (true, NOW(), 0, 'CLIENT2', '00000000-0000-0000-0000-000000000005');
INSERT INTO PERSONAL_DATA (ID, FIRST_NAME, LAST_NAME, EMAIL) VALUES ('00000000-0000-0000-0000-000000000005', 'firstName1', 'lastName1', 'e242415@edu.p.lodz.pl');
INSERT INTO ACCOUNT_ACCESS_LEVELS (ACCOUNT_ID, VERSION, LEVEL, ID) VALUES ('00000000-0000-0000-0000-000000000005', 0, 'CLIENT', '00000000-0000-0000-0001-000000000005');
INSERT INTO CLIENT_DATA (ID) VALUES ('00000000-0000-0000-0001-000000000005');
INSERT INTO ACCOUNT_AUTHENTICATION_TYPE (ID, VERSION, AUTHENTICATION_PROVIDER, ACCOUNT_ID) VALUES ('00000000-0000-0000-0002-000000000005', 0, 'LOCAL', '00000000-0000-0000-0000-000000000005');
INSERT INTO LOCAL_AUTHENTICATION (ID, PASSWORD) VALUES ('00000000-0000-0000-0002-000000000005', '$2a$10$a0V1Y7QYYjcsrXLTRyr2keXmQ53cd6vgjOkcY2vmg1gB1iETOwvNW');
--
INSERT INTO ACCOUNTS (ACTIVE, CREATION_TIME, VERSION, LOGIN, ID) VALUES (true, NOW(), 0, 'CLIENT3', '00000000-0000-0000-0000-000000000006');
INSERT INTO PERSONAL_DATA (ID, FIRST_NAME, LAST_NAME, EMAIL) VALUES ('00000000-0000-0000-0000-000000000006', 'firstName1', 'lastName1', 'f242415@edu.p.lodz.pl');
INSERT INTO ACCOUNT_ACCESS_LEVELS (ACCOUNT_ID, VERSION, LEVEL, ID) VALUES ('00000000-0000-0000-0000-000000000006', 0, 'CLIENT', '00000000-0000-0000-0001-000000000006');
INSERT INTO CLIENT_DATA (ID) VALUES ('00000000-0000-0000-0001-000000000006');
INSERT INTO ACCOUNT_AUTHENTICATION_TYPE (ID, VERSION, AUTHENTICATION_PROVIDER, ACCOUNT_ID) VALUES ('00000000-0000-0000-0002-000000000006', 0, 'LOCAL', '00000000-0000-0000-0000-000000000006');
INSERT INTO LOCAL_AUTHENTICATION (ID, PASSWORD) VALUES ('00000000-0000-0000-0002-000000000006', '$2a$10$a0V1Y7QYYjcsrXLTRyr2keXmQ53cd6vgjOkcY2vmg1gB1iETOwvNW');
--
INSERT INTO ACCOUNTS (ACTIVE, CREATION_TIME, VERSION, LOGIN, ID) VALUES (true, NOW(), 0, 'CLIENT4', '00000000-0000-0000-0000-000000000007');
INSERT INTO PERSONAL_DATA (ID, FIRST_NAME, LAST_NAME, EMAIL) VALUES ('00000000-0000-0000-0000-000000000007', 'firstName1', 'lastName1', 'g242415@edu.p.lodz.pl');
INSERT INTO ACCOUNT_ACCESS_LEVELS (ACCOUNT_ID, VERSION, LEVEL, ID) VALUES ('00000000-0000-0000-0000-000000000007', 0, 'CLIENT', '00000000-0000-0000-0001-000000000007');
INSERT INTO CLIENT_DATA (ID) VALUES ('00000000-0000-0000-0001-000000000007');
INSERT INTO ACCOUNT_AUTHENTICATION_TYPE (ID, VERSION, AUTHENTICATION_PROVIDER, ACCOUNT_ID) VALUES ('00000000-0000-0000-0002-000000000007', 0, 'LOCAL', '00000000-0000-0000-0000-000000000007');
INSERT INTO LOCAL_AUTHENTICATION (ID, PASSWORD) VALUES ('00000000-0000-0000-0002-000000000007', '$2a$10$a0V1Y7QYYjcsrXLTRyr2keXmQ53cd6vgjOkcY2vmg1gB1iETOwvNW');
--
INSERT INTO ACCOUNTS (ACTIVE, CREATION_TIME, VERSION, LOGIN, ID) VALUES (true, NOW(), 0, 'CLIENT5', '00000000-0000-0000-0000-000000000008');
INSERT INTO PERSONAL_DATA (ID, FIRST_NAME, LAST_NAME, EMAIL) VALUES ('00000000-0000-0000-0000-000000000008', 'firstName1', 'lastName1', 'h242415@edu.p.lodz.pl');
INSERT INTO ACCOUNT_ACCESS_LEVELS (ACCOUNT_ID, VERSION, LEVEL, ID) VALUES ('00000000-0000-0000-0000-000000000008', 0, 'CLIENT', '00000000-0000-0000-0001-000000000008');
INSERT INTO CLIENT_DATA (ID) VALUES ('00000000-0000-0000-0001-000000000008');
INSERT INTO ACCOUNT_AUTHENTICATION_TYPE (ID, VERSION, AUTHENTICATION_PROVIDER, ACCOUNT_ID) VALUES ('00000000-0000-0000-0002-000000000008', 0, 'LOCAL', '00000000-0000-0000-0000-000000000008');
INSERT INTO LOCAL_AUTHENTICATION (ID, PASSWORD) VALUES ('00000000-0000-0000-0002-000000000008', '$2a$10$a0V1Y7QYYjcsrXLTRyr2keXmQ53cd6vgjOkcY2vmg1gB1iETOwvNW');
--
INSERT INTO ACCOUNTS (ACTIVE, CREATION_TIME, VERSION, LOGIN, ID) VALUES (true, NOW(), 0, 'CLIENT6', '00000000-0000-0000-0000-000000000009');
INSERT INTO PERSONAL_DATA (ID, FIRST_NAME, LAST_NAME, EMAIL) VALUES ('00000000-0000-0000-0000-000000000009', 'firstName1', 'lastName1', 'i242415@edu.p.lodz.pl');
INSERT INTO ACCOUNT_ACCESS_LEVELS (ACCOUNT_ID, VERSION, LEVEL, ID) VALUES ('00000000-0000-0000-0000-000000000009', 0, 'CLIENT', '00000000-0000-0000-0001-000000000009');
INSERT INTO CLIENT_DATA (ID) VALUES ('00000000-0000-0000-0001-000000000009');
INSERT INTO ACCOUNT_AUTHENTICATION_TYPE (ID, VERSION, AUTHENTICATION_PROVIDER, ACCOUNT_ID) VALUES ('00000000-0000-0000-0002-000000000009', 0, 'LOCAL', '00000000-0000-0000-0000-000000000009');
INSERT INTO LOCAL_AUTHENTICATION (ID, PASSWORD) VALUES ('00000000-0000-0000-0002-000000000009', '$2a$10$a0V1Y7QYYjcsrXLTRyr2keXmQ53cd6vgjOkcY2vmg1gB1iETOwvNW');
--
INSERT INTO ACCOUNTS (ACTIVE, CREATION_TIME, VERSION, LOGIN, ID) VALUES (true, NOW(), 0, 'CLIENT7', '00000000-0000-0000-0000-000000000010');
INSERT INTO PERSONAL_DATA (ID, FIRST_NAME, LAST_NAME, EMAIL) VALUES ('00000000-0000-0000-0000-000000000010', 'firstName1', 'lastName1', 'j242415@edu.p.lodz.pl');
INSERT INTO ACCOUNT_ACCESS_LEVELS (ACCOUNT_ID, VERSION, LEVEL, ID) VALUES ('00000000-0000-0000-0000-000000000010', 0, 'CLIENT', '00000000-0000-0000-0001-000000000010');
INSERT INTO CLIENT_DATA (ID) VALUES ('00000000-0000-0000-0001-000000000010');
INSERT INTO ACCOUNT_AUTHENTICATION_TYPE (ID, VERSION, AUTHENTICATION_PROVIDER, ACCOUNT_ID) VALUES ('00000000-0000-0000-0002-000000000010', 0, 'LOCAL', '00000000-0000-0000-0000-000000000010');
INSERT INTO LOCAL_AUTHENTICATION (ID, PASSWORD) VALUES ('00000000-0000-0000-0002-000000000010', '$2a$10$a0V1Y7QYYjcsrXLTRyr2keXmQ53cd6vgjOkcY2vmg1gB1iETOwvNW');
--
INSERT INTO ACCOUNTS (ACTIVE, CREATION_TIME, VERSION, LOGIN, ID) VALUES (true, NOW(), 0, 'EMPLOYEE1', '00000000-0000-0000-0000-000000000011');
INSERT INTO PERSONAL_DATA (ID, FIRST_NAME, LAST_NAME, EMAIL) VALUES ('00000000-0000-0000-0000-000000000011', 'firstName1', 'lastName1', 'karaszewskiadam737@gmail.com');
INSERT INTO ACCOUNT_ACCESS_LEVELS (ACCOUNT_ID, VERSION, LEVEL, ID) VALUES ('00000000-0000-0000-0000-000000000011', 0, 'EMPLOYEE', '00000000-0000-0000-0001-000000000011');
INSERT INTO EMPLOYEE_DATA (ID) VALUES ('00000000-0000-0000-0001-000000000011');
INSERT INTO ACCOUNT_AUTHENTICATION_TYPE (ID, VERSION, AUTHENTICATION_PROVIDER, ACCOUNT_ID) VALUES ('00000000-0000-0000-0002-000000000011', 0, 'LOCAL', '00000000-0000-0000-0000-000000000011');
-- INSERT INTO EXTERNAL_AUTHENTICATION (ID, GOOGLE_ID) VALUES ('00000000-0000-0000-0002-000000000011', '115418504240927232787')
INSERT INTO LOCAL_AUTHENTICATION (ID, PASSWORD) VALUES ('00000000-0000-0000-0002-000000000011', '$2a$10$a0V1Y7QYYjcsrXLTRyr2keXmQ53cd6vgjOkcY2vmg1gB1iETOwvNW');

--
-- INSERT INTO DIETARY_PROFILE_TEMPLATES (ID, VERSION, ARCHIVED, DESCRIPTION, NAME, EXPERT_ID) VALUES ('00000000-0000-0000-0003-000000000001', 0, false, 'Szablon testowy nr 1 przeznaczony jest do sprawdzenia rozwiązywania konfliktów związanych z łączeniem profili zawierających ograniczenia dla tego samego produktu, ale z innymi wagami.', 'Testowy szablon profilu dietetyczny nr 1', '00000000-0000-0000-0001-000000000002');
-- INSERT INTO DIETARY_PROFILE_TEMPLATES (ID, VERSION, ARCHIVED, DESCRIPTION, NAME, EXPERT_ID) VALUES ('00000000-0000-0000-0003-000000000002', 0, false, 'Szablon testowy nr 2 przeznaczony jest do sprawdzenia rozwiązywania konfliktów związanych z łączeniem profili zawierających ograniczenia dla tego samego produktu, ale z innymi wagami.', 'Testowy szablon profilu dietetyczny nr 2', '00000000-0000-0000-0001-000000000002');
-- INSERT INTO DIETARY_PROFILE_TEMPLATES (ID, VERSION, ARCHIVED, DESCRIPTION, NAME, EXPERT_ID) VALUES ('00000000-0000-0000-0003-000000000003', 0, false, 'Szablon testowy nr 3 przeznaczony jest do sprawdzenia rozwiązywania konfliktów związanych z łączeniem profili zawierających ograniczenia dla tego samego produktu, ale z innymi wagami.', 'Testowy szablon profilu dietetyczny nr 3', '00000000-0000-0000-0001-000000000003');
--
-- INSERT INTO DIETARY_PROFILE_TEMPLATE_PACKAGE_TYPE (ID, VERSION, WEIGHT, DIETARY_PROFILE_TEMPLATE_ID, PACKAGE_TYPE_ID) VALUES ('00000000-0000-0000-0004-000000000001', 0, 'REQUIRED', '00000000-0000-0000-0003-000000000001', 'de384ef6-6731-45d1-8ff1-e9db38555a7e');
-- INSERT INTO DIETARY_PROFILE_TEMPLATE_PACKAGE_TYPE (ID, VERSION, WEIGHT, DIETARY_PROFILE_TEMPLATE_ID, PACKAGE_TYPE_ID) VALUES ('00000000-0000-0000-0004-000000000002', 0, 'BANNED', '00000000-0000-0000-0003-000000000001', 'cb9c710c-e710-4b0f-8fc7-316b47b1fed5');
-- INSERT INTO DIETARY_PROFILE_TEMPLATE_PACKAGE_TYPE (ID, VERSION, WEIGHT, DIETARY_PROFILE_TEMPLATE_ID, PACKAGE_TYPE_ID) VALUES ('00000000-0000-0000-0004-000000000003', 0, 'BANNED', '00000000-0000-0000-0003-000000000001', '3c765643-6e3d-4b1e-9f4d-d63f9dd9448a');
--
-- INSERT INTO DIETARY_PROFILE_TEMPLATE_PACKAGE_TYPE (ID, VERSION, WEIGHT, DIETARY_PROFILE_TEMPLATE_ID, PACKAGE_TYPE_ID) VALUES ('00000000-0000-0000-0004-000000000004', 0, 'NICE_TO_SEE', '00000000-0000-0000-0003-000000000002', 'de384ef6-6731-45d1-8ff1-e9db38555a7e');
-- INSERT INTO DIETARY_PROFILE_TEMPLATE_PACKAGE_TYPE (ID, VERSION, WEIGHT, DIETARY_PROFILE_TEMPLATE_ID, PACKAGE_TYPE_ID) VALUES ('00000000-0000-0000-0004-000000000005', 0, 'NICE_TO_SEE', '00000000-0000-0000-0003-000000000002', 'cb9c710c-e710-4b0f-8fc7-316b47b1fed5');
-- INSERT INTO DIETARY_PROFILE_TEMPLATE_PACKAGE_TYPE (ID, VERSION, WEIGHT, DIETARY_PROFILE_TEMPLATE_ID, PACKAGE_TYPE_ID) VALUES ('00000000-0000-0000-0004-000000000006', 0, 'REQUIRED', '00000000-0000-0000-0003-000000000002', '3c765643-6e3d-4b1e-9f4d-d63f9dd9448a');
-- INSERT INTO DIETARY_PROFILE_TEMPLATE_PACKAGE_TYPE (ID, VERSION, WEIGHT, DIETARY_PROFILE_TEMPLATE_ID, PACKAGE_TYPE_ID) VALUES ('00000000-0000-0000-0004-000000000007', 0, 'NICE_TO_SEE', '00000000-0000-0000-0003-000000000002', '643521a1-45a7-4a92-b1aa-6d73cde94f06');
--
-- INSERT INTO DIETARY_PROFILE_TEMPLATE_PACKAGE_TYPE (ID, VERSION, WEIGHT, DIETARY_PROFILE_TEMPLATE_ID, PACKAGE_TYPE_ID) VALUES ('00000000-0000-0000-0004-000000000008', 0, 'REQUIRED', '00000000-0000-0000-0003-000000000003', 'de384ef6-6731-45d1-8ff1-e9db38555a7e');
-- INSERT INTO DIETARY_PROFILE_TEMPLATE_PACKAGE_TYPE (ID, VERSION, WEIGHT, DIETARY_PROFILE_TEMPLATE_ID, PACKAGE_TYPE_ID) VALUES ('00000000-0000-0000-0004-000000000009', 0, 'BANNED', '00000000-0000-0000-0003-000000000003', 'cb9c710c-e710-4b0f-8fc7-316b47b1fed5');
-- INSERT INTO DIETARY_PROFILE_TEMPLATE_PACKAGE_TYPE (ID, VERSION, WEIGHT, DIETARY_PROFILE_TEMPLATE_ID, PACKAGE_TYPE_ID) VALUES ('00000000-0000-0000-0004-000000000010', 0, 'BANNED', '00000000-0000-0000-0003-000000000003', '3c765643-6e3d-4b1e-9f4d-d63f9dd9448a');
--
-- INSERT INTO DIETARY_PROFILE (ID, VERSION, ARCHIVED, DESCRIPTION, NAME, CLIENT_ID) VALUES ('00000000-0000-0000-0005-000000000001', 0, false, 'Profil testowy nr 1', 'Testowy profil dietetyczny nr 1', '00000000-0000-0000-0001-000000000001');
-- INSERT INTO DIETARY_PROFILE (ID, VERSION, ARCHIVED, DESCRIPTION, NAME, CLIENT_ID) VALUES ('00000000-0000-0000-0005-000000000002', 0, false, 'Profil testowy nr 2', 'Testowy profil dietetyczny nr 2', '00000000-0000-0000-0001-000000000001');
-- INSERT INTO DIETARY_PROFILE (ID, VERSION, ARCHIVED, DESCRIPTION, NAME, CLIENT_ID) VALUES ('00000000-0000-0000-0005-000000000003', 0, false, 'Profil testowy nr 3', 'Testowy profil dietetyczny nr 3', '00000000-0000-0000-0001-000000000001');
--
-- INSERT INTO DIETARY_PROFILE_PACKAGE_TYPE (ID, VERSION, WEIGHT, DIETARY_PROFILE_ID, PACKAGE_TYPE_ID) VALUES ('00000000-0000-0000-0006-000000000001', 0, 'REQUIRED', '00000000-0000-0000-0005-000000000001', 'de384ef6-6731-45d1-8ff1-e9db38555a7e');
-- INSERT INTO DIETARY_PROFILE_PACKAGE_TYPE (ID, VERSION, WEIGHT, DIETARY_PROFILE_ID, PACKAGE_TYPE_ID) VALUES ('00000000-0000-0000-0006-000000000002', 0, 'BANNED', '00000000-0000-0000-0005-000000000001', 'cb9c710c-e710-4b0f-8fc7-316b47b1fed5');
-- INSERT INTO DIETARY_PROFILE_PACKAGE_TYPE (ID, VERSION, WEIGHT, DIETARY_PROFILE_ID, PACKAGE_TYPE_ID) VALUES ('00000000-0000-0000-0006-000000000003', 0, 'BANNED', '00000000-0000-0000-0005-000000000001', '3c765643-6e3d-4b1e-9f4d-d63f9dd9448a');
--
-- INSERT INTO DIETARY_PROFILE_PACKAGE_TYPE (ID, VERSION, WEIGHT, DIETARY_PROFILE_ID, PACKAGE_TYPE_ID) VALUES ('00000000-0000-0000-0006-000000000004', 0, 'NICE_TO_SEE', '00000000-0000-0000-0005-000000000002', 'de384ef6-6731-45d1-8ff1-e9db38555a7e');
-- INSERT INTO DIETARY_PROFILE_PACKAGE_TYPE (ID, VERSION, WEIGHT, DIETARY_PROFILE_ID, PACKAGE_TYPE_ID) VALUES ('00000000-0000-0000-0006-000000000005', 0, 'NICE_TO_SEE', '00000000-0000-0000-0005-000000000002', 'cb9c710c-e710-4b0f-8fc7-316b47b1fed5');
-- INSERT INTO DIETARY_PROFILE_PACKAGE_TYPE (ID, VERSION, WEIGHT, DIETARY_PROFILE_ID, PACKAGE_TYPE_ID) VALUES ('00000000-0000-0000-0006-000000000006', 0, 'REQUIRED', '00000000-0000-0000-0005-000000000002', '3c765643-6e3d-4b1e-9f4d-d63f9dd9448a');
-- INSERT INTO DIETARY_PROFILE_PACKAGE_TYPE (ID, VERSION, WEIGHT, DIETARY_PROFILE_ID, PACKAGE_TYPE_ID) VALUES ('00000000-0000-0000-0006-000000000007', 0, 'NICE_TO_SEE', '00000000-0000-0000-0005-000000000002', '643521a1-45a7-4a92-b1aa-6d73cde94f06');
--
-- INSERT INTO DIETARY_PROFILE_PACKAGE_TYPE (ID, VERSION, WEIGHT, DIETARY_PROFILE_ID, PACKAGE_TYPE_ID) VALUES ('00000000-0000-0000-0006-000000000008', 0, 'REQUIRED', '00000000-0000-0000-0005-000000000003', 'de384ef6-6731-45d1-8ff1-e9db38555a7e');
-- INSERT INTO DIETARY_PROFILE_PACKAGE_TYPE (ID, VERSION, WEIGHT, DIETARY_PROFILE_ID, PACKAGE_TYPE_ID) VALUES ('00000000-0000-0000-0006-000000000009', 0, 'BANNED', '00000000-0000-0000-0005-000000000003', 'cb9c710c-e710-4b0f-8fc7-316b47b1fed5');
-- INSERT INTO DIETARY_PROFILE_PACKAGE_TYPE (ID, VERSION, WEIGHT, DIETARY_PROFILE_ID, PACKAGE_TYPE_ID) VALUES ('00000000-0000-0000-0006-000000000010', 0, 'BANNED', '00000000-0000-0000-0005-000000000003', '3c765643-6e3d-4b1e-9f4d-d63f9dd9448a');


-- --account: not verified, with resent verification token after 25h (should be deleted)
-- INSERT INTO ACCOUNTS (ACTIVE, CREATION_TIME, INVALID_LOGIN_ATTEMPTS, TWO_FACTOR_AUTH, VERIFIED, VERSION, LOGIN, PASSWORD, ID) VALUES (true, NOW() - INTERVAL '25 hours', 0, true, false, 0, 'CLIENT1', 'PASSWORD', '00000000-0000-0000-0000-000000000001');
-- --account: not verified, without resent verification token after 10h (nothing happens)
-- INSERT INTO ACCOUNTS (ACTIVE, CREATION_TIME, INVALID_LOGIN_ATTEMPTS, TWO_FACTOR_AUTH, VERIFIED, VERSION, LOGIN, PASSWORD, ID) VALUES (true, NOW() - INTERVAL '10 hours', 0, true, false, 0, 'CLIENT2', 'PASSWORD', '00000000-0000-0000-0000-000000000002');
-- --account: verified, with resent verification token after 25h (nothing happens)
-- INSERT INTO ACCOUNTS (ACTIVE, CREATION_TIME, INVALID_LOGIN_ATTEMPTS, TWO_FACTOR_AUTH, VERIFIED, VERSION, LOGIN, PASSWORD, ID) VALUES (true, NOW() - INTERVAL '25 hours', 0, true, true, 0, 'CLIENT3', 'PASSWORD', '00000000-0000-0000-0000-000000000003');
-- --account: verified, without resent verification token after 25h (nothing happens)
-- INSERT INTO ACCOUNTS (ACTIVE, CREATION_TIME, INVALID_LOGIN_ATTEMPTS, TWO_FACTOR_AUTH, VERIFIED, VERSION, LOGIN, PASSWORD, ID) VALUES (true, NOW() - INTERVAL '25 hours', 0, true, true, 0, 'CLIENT4', 'PASSWORD', '00000000-0000-0000-0000-000000000004');
-- --account: not verified, without resent verification token after 14h (should resend verification token)
-- INSERT INTO ACCOUNTS (ACTIVE, CREATION_TIME, INVALID_LOGIN_ATTEMPTS, TWO_FACTOR_AUTH, VERIFIED, VERSION, LOGIN, PASSWORD, ID) VALUES (true, NOW() - INTERVAL '14 hours', 0,  true, false, 0, 'CLIENT5', 'PASSWORD', '00000000-0000-0000-0000-000000000005');
-- --account: not verified, without resent verification token after 14h (should resend verification token)
-- INSERT INTO ACCOUNTS (ACTIVE, CREATION_TIME, INVALID_LOGIN_ATTEMPTS, TWO_FACTOR_AUTH, VERIFIED, VERSION, LOGIN, PASSWORD, ID) VALUES (true, NOW() - INTERVAL '14 hours', 0, true, false, 0, 'CLIENT6', 'PASSWORD', '00000000-0000-0000-0000-000000000006');
-- --account: not verified, without resent verification token after 14h (should resend verification token)
-- INSERT INTO ACCOUNTS (ACTIVE, CREATION_TIME, INVALID_LOGIN_ATTEMPTS, TWO_FACTOR_AUTH, VERIFIED, VERSION, LOGIN, PASSWORD, ID) VALUES (true, NOW() - INTERVAL '14 hours', 0, true, false, 0, 'CLIENT7', 'PASSWORD', '00000000-0000-0000-0000-000000000007');
-- --account: not verified, with resent verification token after 25h (should be deleted)
-- INSERT INTO ACCOUNTS (ACTIVE, CREATION_TIME, INVALID_LOGIN_ATTEMPTS, TWO_FACTOR_AUTH, VERIFIED, VERSION, LOGIN, PASSWORD, ID) VALUES (true, NOW() - INTERVAL '25 hours', 0, true, false, 0, 'CLIENT8', 'PASSWORD', '00000000-0000-0000-0000-000000000008');
-- --account: verified, with resent verification token (nothing happens)
-- INSERT INTO ACCOUNTS (ACTIVE, CREATION_TIME, INVALID_LOGIN_ATTEMPTS, TWO_FACTOR_AUTH, VERIFIED, VERSION, LOGIN, PASSWORD, ID) VALUES (true, NOW() - INTERVAL '25 hours', 0, true, true, 0, 'CLIENT9', 'PASSWORD', '00000000-0000-0000-0000-000000000009');
-- --accountsL verified, without resent verification token (nothing happens)
-- INSERT INTO ACCOUNTS (ACTIVE, CREATION_TIME, INVALID_LOGIN_ATTEMPTS, TWO_FACTOR_AUTH, VERIFIED, VERSION, LOGIN, PASSWORD, ID) VALUES (true, NOW() - INTERVAL '10 hours', 0, true, true, 0, 'CLIENT10', 'PASSWORD', '00000000-0000-0000-0000-000000000010');
--
-- INSERT INTO PERSONAL_DATA (ID, FIRST_NAME, LAST_NAME, LANGUAGE, EMAIL) VALUES ('00000000-0000-0000-0000-000000000001', 'firstName1', 'lastName1', 'PL', '242415@edu.p.lodz.pl');
-- INSERT INTO PERSONAL_DATA (ID, FIRST_NAME, LAST_NAME, LANGUAGE, EMAIL) VALUES ('00000000-0000-0000-0000-000000000002', 'firstName2', 'lastName2', 'PL', '242415@edu.p.lodz.pl');
-- INSERT INTO PERSONAL_DATA (ID, FIRST_NAME, LAST_NAME, LANGUAGE, EMAIL) VALUES ('00000000-0000-0000-0000-000000000003', 'firstName3', 'lastName3', 'PL', '242415@edu.p.lodz.pl');
-- INSERT INTO PERSONAL_DATA (ID, FIRST_NAME, LAST_NAME, LANGUAGE, EMAIL) VALUES ('00000000-0000-0000-0000-000000000004', 'firstName4', 'lastName4', 'PL', '242415@edu.p.lodz.pl');
-- INSERT INTO PERSONAL_DATA (ID, FIRST_NAME, LAST_NAME, LANGUAGE, EMAIL) VALUES ('00000000-0000-0000-0000-000000000005', 'firstName5', 'lastName5', 'PL', '242415@edu.p.lodz.pl');
-- INSERT INTO PERSONAL_DATA (ID, FIRST_NAME, LAST_NAME, LANGUAGE, EMAIL) VALUES ('00000000-0000-0000-0000-000000000006', 'firstName6', 'lastName6', 'PL', '242415@edu.p.lodz.pl');
-- INSERT INTO PERSONAL_DATA (ID, FIRST_NAME, LAST_NAME, LANGUAGE, EMAIL) VALUES ('00000000-0000-0000-0000-000000000007', 'firstName7', 'lastName7', 'PL', '242415@edu.p.lodz.pl');
-- INSERT INTO PERSONAL_DATA (ID, FIRST_NAME, LAST_NAME, LANGUAGE, EMAIL) VALUES ('00000000-0000-0000-0000-000000000008', 'firstName8', 'lastName8', 'PL', '242415@edu.p.lodz.pl');
-- INSERT INTO PERSONAL_DATA (ID, FIRST_NAME, LAST_NAME, LANGUAGE, EMAIL) VALUES ('00000000-0000-0000-0000-000000000009', 'firstName9', 'lastName9', 'PL', '242415@edu.p.lodz.pl');
-- INSERT INTO PERSONAL_DATA (ID, FIRST_NAME, LAST_NAME, LANGUAGE, EMAIL) VALUES ('00000000-0000-0000-0000-000000000010', 'firstName10', 'lastName10', 'PL', '242415@edu.p.lodz.pl');
--
-- INSERT INTO ACCOUNT_ACCESS_LEVELS (ACCOUNT_ID, VERSION, LEVEL, ID) VALUES ('00000000-0000-0000-0000-000000000001', 0, 'CLIENT', '00000000-0000-0000-0001-000000000001');
-- INSERT INTO ACCOUNT_ACCESS_LEVELS (ACCOUNT_ID, VERSION, LEVEL, ID) VALUES ('00000000-0000-0000-0000-000000000002', 0, 'CLIENT', '00000000-0000-0000-0001-000000000002');
-- INSERT INTO ACCOUNT_ACCESS_LEVELS (ACCOUNT_ID, VERSION, LEVEL, ID) VALUES ('00000000-0000-0000-0000-000000000003', 0, 'CLIENT', '00000000-0000-0000-0001-000000000003');
-- INSERT INTO ACCOUNT_ACCESS_LEVELS (ACCOUNT_ID, VERSION, LEVEL, ID) VALUES ('00000000-0000-0000-0000-000000000004', 0, 'CLIENT', '00000000-0000-0000-0001-000000000004');
-- INSERT INTO ACCOUNT_ACCESS_LEVELS (ACCOUNT_ID, VERSION, LEVEL, ID) VALUES ('00000000-0000-0000-0000-000000000005', 0, 'CLIENT', '00000000-0000-0000-0001-000000000005');
-- INSERT INTO ACCOUNT_ACCESS_LEVELS (ACCOUNT_ID, VERSION, LEVEL, ID) VALUES ('00000000-0000-0000-0000-000000000006', 0, 'CLIENT', '00000000-0000-0000-0001-000000000006');
-- INSERT INTO ACCOUNT_ACCESS_LEVELS (ACCOUNT_ID, VERSION, LEVEL, ID) VALUES ('00000000-0000-0000-0000-000000000007', 0, 'CLIENT', '00000000-0000-0000-0001-000000000007');
-- INSERT INTO ACCOUNT_ACCESS_LEVELS (ACCOUNT_ID, VERSION, LEVEL, ID) VALUES ('00000000-0000-0000-0000-000000000008', 0, 'CLIENT', '00000000-0000-0000-0001-000000000008');
-- INSERT INTO ACCOUNT_ACCESS_LEVELS (ACCOUNT_ID, VERSION, LEVEL, ID) VALUES ('00000000-0000-0000-0000-000000000009', 0, 'CLIENT', '00000000-0000-0000-0001-000000000009');
-- INSERT INTO ACCOUNT_ACCESS_LEVELS (ACCOUNT_ID, VERSION, LEVEL, ID) VALUES ('00000000-0000-0000-0000-000000000010', 0, 'CLIENT', '00000000-0000-0000-0001-000000000010');
--
-- INSERT INTO CLIENT_DATA (ID) VALUES ('00000000-0000-0000-0001-000000000001');
-- INSERT INTO CLIENT_DATA (ID) VALUES ('00000000-0000-0000-0001-000000000002');
-- INSERT INTO CLIENT_DATA (ID) VALUES ('00000000-0000-0000-0001-000000000003');
-- INSERT INTO CLIENT_DATA (ID) VALUES ('00000000-0000-0000-0001-000000000004');
-- INSERT INTO CLIENT_DATA (ID) VALUES ('00000000-0000-0000-0001-000000000005');
-- INSERT INTO CLIENT_DATA (ID) VALUES ('00000000-0000-0000-0001-000000000006');
-- INSERT INTO CLIENT_DATA (ID) VALUES ('00000000-0000-0000-0001-000000000007');
-- INSERT INTO CLIENT_DATA (ID) VALUES ('00000000-0000-0000-0001-000000000008');
-- INSERT INTO CLIENT_DATA (ID) VALUES ('00000000-0000-0000-0001-000000000009');
-- INSERT INTO CLIENT_DATA (ID) VALUES ('00000000-0000-0000-0001-000000000010');
--
-- INSERT INTO VERIFICATION_TOKENS (ID, ACCOUNT_ID, VERSION, WAS_RESENT, CREATION_TIME, EXPIRATION_DATE, VALUE) VALUES ('00000000-0000-0000-0002-000000000001', '00000000-0000-0000-0000-000000000001', 0, true, NOW() - INTERVAL '25 hours', NOW() - INTERVAL '1 hours', 'ypHCk0wUBXJdGKkAWdvo4JhAPUov3yqJmC8qnc6H2WFTUG5sgFDnPoswB8VpU51icsZl99UIE01THai3xrzDNjBjtiQLTtUGtHVd09HKYS0reMdDS153KJ9WxBOPbkTl');
-- INSERT INTO VERIFICATION_TOKENS (ID, ACCOUNT_ID, VERSION, WAS_RESENT, CREATION_TIME, EXPIRATION_DATE, VALUE) VALUES ('00000000-0000-0000-0002-000000000002', '00000000-0000-0000-0000-000000000002', 0, false, NOW() - INTERVAL '10 hours', NOW() + INTERVAL '14 hours', 'uaU8Ia7H9UsQ3XlAIqxjs6odoz3YA1CObHRey6HJYRT3M4WfaeJp5qKNFW433jm3TEzQ3APcmjeroyG91O2Gh19o27e9d5JQtbIk4Gyq8iO6gf1dYrx6XRbEHkcFg61e');
-- INSERT INTO VERIFICATION_TOKENS (ID, ACCOUNT_ID, VERSION, WAS_RESENT, CREATION_TIME, EXPIRATION_DATE, VALUE) VALUES ('00000000-0000-0000-0002-000000000003', '00000000-0000-0000-0000-000000000003', 0, true, NOW() - INTERVAL '25 hours', NOW() - INTERVAL '1 hours', 'mPBMuBBTN8bv1jwLNef559BXvf8OoOobTODuAVRPXyoLY7OsGA62k0zQ0X698SFJFp6DWV2X8C8HVOeXhZiZp8sWmErbQNsVMEQUoyZmtDK81Mz4wOUHbpuDE6j2Ft1S');
-- INSERT INTO VERIFICATION_TOKENS (ID, ACCOUNT_ID, VERSION, WAS_RESENT, CREATION_TIME, EXPIRATION_DATE, VALUE) VALUES ('00000000-0000-0000-0002-000000000004', '00000000-0000-0000-0000-000000000004', 0, true, NOW() - INTERVAL '25 hours', NOW() - INTERVAL '1 hours', 'o4oAXXm7GIZMf8mRqpPRF6JNN0sZQ0J8Kwf2oPHySrHmVXGqQD1FrKNrrGg8g9VppFueZiuYiO3Mipw07Ub0t5vkYoAQHnMNmNQ4os8DNT3qUvk94saPbxAsGcUYVk0E');
-- INSERT INTO VERIFICATION_TOKENS (ID, ACCOUNT_ID, VERSION, WAS_RESENT, CREATION_TIME, EXPIRATION_DATE, VALUE) VALUES ('00000000-0000-0000-0002-000000000005', '00000000-0000-0000-0000-000000000005', 0, false, NOW() - INTERVAL '14 hours', NOW() + INTERVAL '10 hours', 'EJVxoBHvgf5xE7PTJhb3nXROeudngeeJM8pQeWmyykYygeUA8Sfr4NlMruLKsL5dRFjovwSFgWN63x2vnDU9B177fpL1t858QSLB7Mzszk9fbiKkSCNWxO5DYlBAPp7l');
-- INSERT INTO VERIFICATION_TOKENS (ID, ACCOUNT_ID, VERSION, WAS_RESENT, CREATION_TIME, EXPIRATION_DATE, VALUE) VALUES ('00000000-0000-0000-0002-000000000006', '00000000-0000-0000-0000-000000000006', 0, false, NOW() - INTERVAL '14 hours', NOW() + INTERVAL '10 hours', 'VVRWZAm5tWbvZ4p9zYbOklW0aOYMjaLzJ9ip3x4zDv5Srklf86ufjpYoLWhjQxijgh8P2H5eb2GVlll2qNxn3qnCqah06hOG0HYv94WXJLUMHrMfuCyWO5MNjlcwKLrx');
-- INSERT INTO VERIFICATION_TOKENS (ID, ACCOUNT_ID, VERSION, WAS_RESENT, CREATION_TIME, EXPIRATION_DATE, VALUE) VALUES ('00000000-0000-0000-0002-000000000007', '00000000-0000-0000-0000-000000000007', 0, false, NOW() - INTERVAL '14 hours', NOW() + INTERVAL '10 hours', 'oqzhhyM63WPE5SGvpMV9xiLNWMTWiBcwo2FiysHcfVQ81wW6JgB6uOFhoovirwtjkLLzKJBk6gUcR5Hz49qwn8jlEddH3osqLjohlxYtvNvrGwFAcVpBQ4q2KhKgvo9U');
-- INSERT INTO VERIFICATION_TOKENS (ID, ACCOUNT_ID, VERSION, WAS_RESENT, CREATION_TIME, EXPIRATION_DATE, VALUE) VALUES ('00000000-0000-0000-0002-000000000008', '00000000-0000-0000-0000-000000000008', 0, true, NOW() - INTERVAL '25 hours', NOW() - INTERVAL '1 hours', 'KXNU9bn34cpiSNmdvFADTVxtUi2CV3zVF4WSrOC5KOsvYLx0NU6dNOUxG3u7BiV2oM6yk0RhOBxJk9eafIMyodlq11T4ddLRqfXHP5F5heVWABYMJGAspmpgfd9sTRHu');
-- INSERT INTO VERIFICATION_TOKENS (ID, ACCOUNT_ID, VERSION, WAS_RESENT, CREATION_TIME, EXPIRATION_DATE, VALUE) VALUES ('00000000-0000-0000-0002-000000000009', '00000000-0000-0000-0000-000000000009', 0, true, NOW() - INTERVAL '25 hours', NOW() - INTERVAL '1 hours', 'VauvzvUG4wcOuoVSjFrKdStGd3qMTS40QYlpTty67ru88VXP4OAqmKrenBMB2DxtwEpchQbLqP4yPQuumxKunXYhbMI0zpNeNfuak762X3ODt3E4Hq1iRgoxTyOSCPrt');
-- INSERT INTO VERIFICATION_TOKENS (ID, ACCOUNT_ID, VERSION, WAS_RESENT, CREATION_TIME, EXPIRATION_DATE, VALUE) VALUES ('00000000-0000-0000-0002-000000000010', '00000000-0000-0000-0000-000000000010', 0, false, NOW() - INTERVAL '10 hours', NOW() + INTERVAL '14 hours', '1hZ08PbjXd5rOKMKNLjdmrRa2Ui13eMtEDP84I5EDcBdMv0VP8Bg9KmZjhjvfAlaF8FJ7u9sXdhDJC1TBh2X5wFYRXrCHETlhtKRlw9aPm52JqJ3T0O1XnRJwxCNoYMg');

-- INSERT INTO DIETARY_PROFILE (ID, VERSION, DESCRIPTION, NAME) VALUES ('00000000-0000-0000-0007-000000000001', 0, 'Test description dietary profile no. 1', 'Test name no. 1');
-- INSERT INTO DIETARY_PROFILE (ID, VERSION, DESCRIPTION, NAME) VALUES ('00000000-0000-0000-0007-000000000002', 0, 'Test description dietary profile no. 2', 'Test name no. 2');
-- INSERT INTO DIETARY_PROFILE (ID, VERSION, DESCRIPTION, NAME) VALUES ('00000000-0000-0000-0007-000000000003', 0, 'Test description dietary profile no. 3', 'Test name no. 3');
-- INSERT INTO DIETARY_PROFILE (ID, VERSION, DESCRIPTION, NAME) VALUES ('00000000-0000-0000-0007-000000000004', 0, 'Test description dietary profile no. 4', 'Test name no. 4');
-- INSERT INTO DIETARY_PROFILE (ID, VERSION, DESCRIPTION, NAME) VALUES ('00000000-0000-0000-0007-000000000005', 0, 'Test description dietary profile no. 5', 'Test name no. 5');
--
-- INSERT INTO DIETARY_PROFILE_RATING (ID, VERSION, WEIGHT, DIETARY_PROFILE_ID, RATING_ID) VALUES ('00000000-0000-0000-0008-000000000001', 0, 'REQUIRED', '00000000-0000-0000-0007-000000000001', '7961b1d7-77a3-4732-9df0-1edefa6841ba');
-- INSERT INTO DIETARY_PROFILE_RATING (ID, VERSION, WEIGHT, DIETARY_PROFILE_ID, RATING_ID) VALUES ('00000000-0000-0000-0008-000000000002', 0, 'BANNED', '00000000-0000-0000-0007-000000000001', '9f015909-c04c-48a7-b51e-a25868becceb');
-- INSERT INTO DIETARY_PROFILE_RATING (ID, VERSION, WEIGHT, DIETARY_PROFILE_ID, RATING_ID) VALUES ('00000000-0000-0000-0008-000000000003', 0, 'NICE_TO_SEE', '00000000-0000-0000-0007-000000000001', '2eeb2ec7-8ed0-4487-9a2f-0054f78f53f1');
-- INSERT INTO DIETARY_PROFILE_RATING (ID, VERSION, WEIGHT, DIETARY_PROFILE_ID, RATING_ID) VALUES ('00000000-0000-0000-0008-000000000004', 0, 'REQUIRED', '00000000-0000-0000-0007-000000000001', '9423d607-f023-4c78-9556-ab7b1dfbcc1d');
--
-- INSERT INTO DIETARY_PROFILE_RATING (ID, VERSION, WEIGHT, DIETARY_PROFILE_ID, RATING_ID) VALUES ('00000000-0000-0000-0008-000000000005', 0, 'REQUIRED', '00000000-0000-0000-0007-000000000002', '7961b1d7-77a3-4732-9df0-1edefa6841ba');
-- INSERT INTO DIETARY_PROFILE_RATING (ID, VERSION, WEIGHT, DIETARY_PROFILE_ID, RATING_ID) VALUES ('00000000-0000-0000-0008-000000000006', 0, 'BANNED', '00000000-0000-0000-0007-000000000002', '9f015909-c04c-48a7-b51e-a25868becceb');
-- INSERT INTO DIETARY_PROFILE_RATING (ID, VERSION, WEIGHT, DIETARY_PROFILE_ID, RATING_ID) VALUES ('00000000-0000-0000-0008-000000000007', 0, 'NICE_TO_SEE', '00000000-0000-0000-0007-000000000002', '2eeb2ec7-8ed0-4487-9a2f-0054f78f53f1');
-- INSERT INTO DIETARY_PROFILE_RATING (ID, VERSION, WEIGHT, DIETARY_PROFILE_ID, RATING_ID) VALUES ('00000000-0000-0000-0008-000000000008', 0, 'REQUIRED', '00000000-0000-0000-0007-000000000002', '9423d607-f023-4c78-9556-ab7b1dfbcc1d');
--
-- INSERT INTO DIETARY_PROFILE_RATING (ID, VERSION, WEIGHT, DIETARY_PROFILE_ID, RATING_ID) VALUES ('00000000-0000-0000-0008-000000000009', 0, 'REQUIRED', '00000000-0000-0000-0007-000000000003', '7961b1d7-77a3-4732-9df0-1edefa6841ba');
-- INSERT INTO DIETARY_PROFILE_RATING (ID, VERSION, WEIGHT, DIETARY_PROFILE_ID, RATING_ID) VALUES ('00000000-0000-0000-0008-000000000010', 0, 'BANNED', '00000000-0000-0000-0007-000000000003', '9f015909-c04c-48a7-b51e-a25868becceb');
-- INSERT INTO DIETARY_PROFILE_RATING (ID, VERSION, WEIGHT, DIETARY_PROFILE_ID, RATING_ID) VALUES ('00000000-0000-0000-0008-000000000011', 0, 'NICE_TO_SEE', '00000000-0000-0000-0007-000000000003', '2eeb2ec7-8ed0-4487-9a2f-0054f78f53f1');
-- INSERT INTO DIETARY_PROFILE_RATING (ID, VERSION, WEIGHT, DIETARY_PROFILE_ID, RATING_ID) VALUES ('00000000-0000-0000-0008-000000000012', 0, 'REQUIRED', '00000000-0000-0000-0007-000000000003', '9423d607-f023-4c78-9556-ab7b1dfbcc1d');
--
-- INSERT INTO DIETARY_PROFILE_RATING (ID, VERSION, WEIGHT, DIETARY_PROFILE_ID, RATING_ID) VALUES ('00000000-0000-0000-0008-000000000013', 0, 'REQUIRED', '00000000-0000-0000-0007-000000000004', '7961b1d7-77a3-4732-9df0-1edefa6841ba');
-- INSERT INTO DIETARY_PROFILE_RATING (ID, VERSION, WEIGHT, DIETARY_PROFILE_ID, RATING_ID) VALUES ('00000000-0000-0000-0008-000000000014', 0, 'BANNED', '00000000-0000-0000-0007-000000000004', '9f015909-c04c-48a7-b51e-a25868becceb');
-- INSERT INTO DIETARY_PROFILE_RATING (ID, VERSION, WEIGHT, DIETARY_PROFILE_ID, RATING_ID) VALUES ('00000000-0000-0000-0008-000000000015', 0, 'NICE_TO_SEE', '00000000-0000-0000-0007-000000000004', '2eeb2ec7-8ed0-4487-9a2f-0054f78f53f1');
-- INSERT INTO DIETARY_PROFILE_RATING (ID, VERSION, WEIGHT, DIETARY_PROFILE_ID, RATING_ID) VALUES ('00000000-0000-0000-0008-000000000016', 0, 'REQUIRED', '00000000-0000-0000-0007-000000000004', '9423d607-f023-4c78-9556-ab7b1dfbcc1d');
--
-- INSERT INTO DIETARY_PROFILE_RATING (ID, VERSION, WEIGHT, DIETARY_PROFILE_ID, RATING_ID) VALUES ('00000000-0000-0000-0008-000000000017', 0, 'REQUIRED', '00000000-0000-0000-0007-000000000005', '7961b1d7-77a3-4732-9df0-1edefa6841ba');
-- INSERT INTO DIETARY_PROFILE_RATING (ID, VERSION, WEIGHT, DIETARY_PROFILE_ID, RATING_ID) VALUES ('00000000-0000-0000-0008-000000000018', 0, 'BANNED', '00000000-0000-0000-0007-000000000005', '9f015909-c04c-48a7-b51e-a25868becceb');
-- INSERT INTO DIETARY_PROFILE_RATING (ID, VERSION, WEIGHT, DIETARY_PROFILE_ID, RATING_ID) VALUES ('00000000-0000-0000-0008-000000000019', 0, 'NICE_TO_SEE', '00000000-0000-0000-0007-000000000005', '2eeb2ec7-8ed0-4487-9a2f-0054f78f53f1');
-- INSERT INTO DIETARY_PROFILE_RATING (ID, VERSION, WEIGHT, DIETARY_PROFILE_ID, RATING_ID) VALUES ('00000000-0000-0000-0008-000000000020', 0, 'REQUIRED', '00000000-0000-0000-0007-000000000005', '9423d607-f023-4c78-9556-ab7b1dfbcc1d');
-- INSERT INTO PRODUCERS (ID, VERSION, NAME, ADDRESS, COUNTRY_CODE, NIP, RMSD, CONTACT, ARCHIVED) VALUES ('00000000-0000-0000-0003-000000000001', 0, 'Pudliszki', 'address1', 1, 'nip1', 1, 'contact1', false);
-- INSERT INTO PRODUCERS (ID, VERSION, NAME, ADDRESS, COUNTRY_CODE, NIP, RMSD, CONTACT, ARCHIVED) VALUES ('00000000-0000-0000-0003-000000000002', 0, 'Mlekovita', 'address2', 2, 'nip2', 2, 'contact2', false);
-- INSERT INTO PRODUCERS (ID, VERSION, NAME, ADDRESS, COUNTRY_CODE, NIP, RMSD, CONTACT, ARCHIVED) VALUES ('00000000-0000-0000-0003-000000000003', 0, 'Dolina Dobra', 'address3', 3, 'nip3', 3, 'contact3', false);
-- INSERT INTO PRODUCERS (ID, VERSION, NAME, ADDRESS, COUNTRY_CODE, NIP, RMSD, CONTACT, ARCHIVED) VALUES ('00000000-0000-0000-0003-000000000004', 0, 'Tarczynski', 'address4', 4, 'nip4', 4, 'contact4', false);
-- INSERT INTO PRODUCERS (ID, VERSION, NAME, ADDRESS, COUNTRY_CODE, NIP, RMSD, CONTACT, ARCHIVED) VALUES ('00000000-0000-0000-0003-000000000005', 0, 'JBB', 'address5', 5, 'nip5', 5, 'contact5', false);
-- INSERT INTO PRODUCERS (ID, VERSION, NAME, ADDRESS, COUNTRY_CODE, NIP, RMSD, CONTACT, ARCHIVED) VALUES ('00000000-0000-0000-0003-000000000006', 0, 'Łowicz', 'address6', 6, 'nip6', 6, 'contact6', false);
-- INSERT INTO PRODUCERS (ID, VERSION, NAME, ADDRESS, COUNTRY_CODE, NIP, RMSD, CONTACT, ARCHIVED) VALUES ('00000000-0000-0000-0003-000000000007', 0, 'Rolewski', 'address7', 7, 'nip7', 7, 'contact7', false);
-- INSERT INTO PRODUCERS (ID, VERSION, NAME, ADDRESS, COUNTRY_CODE, NIP, RMSD, CONTACT, ARCHIVED) VALUES ('00000000-0000-0000-0003-000000000008', 0, 'Polskie smaki', 'address8', 8, 'nip8', 8, 'contact8', false);
-- INSERT INTO PRODUCERS (ID, VERSION, NAME, ADDRESS, COUNTRY_CODE, NIP, RMSD, CONTACT, ARCHIVED) VALUES ('00000000-0000-0000-0003-000000000009', 0, 'Wedel', 'address9', 9, 'nip9', 9, 'contact9', false);
-- INSERT INTO PRODUCERS (ID, VERSION, NAME, ADDRESS, COUNTRY_CODE, NIP, RMSD, CONTACT, ARCHIVED) VALUES ('00000000-0000-0000-0003-000000000010', 0, 'Delikatesy Maćkowiak', 'address10', 10, 'nip10', 10, 'contact10', false);
--
-- INSERT INTO UNITS (ID, VERSION, NAME) VALUES ('00000000-0000-0000-0004-000000000001', 0, 'g');
-- INSERT INTO UNITS (ID, VERSION, NAME) VALUES ('00000000-0000-0000-0004-000000000002', 0, 'mg');
-- INSERT INTO UNITS (ID, VERSION, NAME) VALUES ('00000000-0000-0000-0004-000000000003', 0, 'ml');
-- INSERT INTO UNITS (ID, VERSION, NAME) VALUES ('00000000-0000-0000-0004-000000000004', 0, 'l');
-- INSERT INTO UNITS (ID, VERSION, NAME) VALUES ('00000000-0000-0000-0004-000000000005', 0, 'kg');
-- INSERT INTO UNITS (ID, VERSION, NAME) VALUES ('00000000-0000-0000-0004-000000000006', 0, '%');
-- INSERT INTO UNITS (ID, VERSION, NAME) VALUES ('00000000-0000-0000-0004-000000000007', 0, 'szt.');
-- INSERT INTO UNITS (ID, VERSION, NAME) VALUES ('00000000-0000-0000-0004-000000000008', 0, 'mg/100g');
-- INSERT INTO UNITS (ID, VERSION, NAME) VALUES ('00000000-0000-0000-0004-000000000009', 0, 'g/100g');
-- INSERT INTO UNITS (ID, VERSION, NAME) VALUES ('00000000-0000-0000-0004-000000000010', 0, 'kcal');
--
-- INSERT INTO PACKAGE_TYPES (ID, VERSION, NAME) VALUES ('00000000-0000-0000-0005-000000000001', 0, 'plastkowe opakowanie');
-- INSERT INTO PACKAGE_TYPES (ID, VERSION, NAME) VALUES ('00000000-0000-0000-0005-000000000002', 0, 'tubka');
-- INSERT INTO PACKAGE_TYPES (ID, VERSION, NAME) VALUES ('00000000-0000-0000-0005-000000000003', 0, 'papeirowy pojemnik');
-- INSERT INTO PACKAGE_TYPES (ID, VERSION, NAME) VALUES ('00000000-0000-0000-0005-000000000004', 0, 'brak opakowania');
-- INSERT INTO PACKAGE_TYPES (ID, VERSION, NAME) VALUES ('00000000-0000-0000-0005-000000000005', 0, 'tacka aluminiowa');
--
-- INSERT INTO NUTRITIONAL_VALUE_GROUPS (ID, VERSION, GROUPNAME) VALUES ('00000000-0000-0000-0006-000000000001', 0, 'Wartosc energetyczna');
-- INSERT INTO NUTRITIONAL_VALUE_GROUPS (ID, VERSION, GROUPNAME) VALUES ('00000000-0000-0000-0006-000000000002', 0, 'Tłuszcz');
-- INSERT INTO NUTRITIONAL_VALUE_GROUPS (ID, VERSION, GROUPNAME) VALUES ('00000000-0000-0000-0006-000000000003', 0, 'Błonnik');
-- INSERT INTO NUTRITIONAL_VALUE_GROUPS (ID, VERSION, GROUPNAME) VALUES ('00000000-0000-0000-0006-000000000004', 0, 'Węglowodany');
-- INSERT INTO NUTRITIONAL_VALUE_GROUPS (ID, VERSION, GROUPNAME) VALUES ('00000000-0000-0000-0006-000000000005', 0, 'Białko');

-- GRANT ALL PRIVILEGES ON ALL TABLES IN SCHEMA public TO accountmodule;
-- GRANT ALL PRIVILEGES ON ALL TABLES IN SCHEMA public TO authenticationmodule;
-- GRANT ALL PRIVILEGES ON ALL TABLES IN SCHEMA public TO ffoodmodule;